0,∫Ò≈∏πŒB,2000,0 days 00:00:49.414000000
0,∫Ò≈∏πŒB,2000,0 days 00:03:00.239593000
0,∫Ò≈∏πŒB,2000,0 days 00:04:25.213963000
0,∫Ò≈∏πŒB,2000,0 days 00:01:01.204043000
0,∫Ò≈∏πŒB,2000,0 days 00:02:52.446231000
0,∫Ò≈∏πŒB,2000,0 days 00:03:52.328617000
0,∫Ò≈∏πŒB,2000,0 days 00:00:49.639528000
0,∫Ò≈∏πŒB,2000,0 days 00:04:40.382795000
0,∫Ò≈∏πŒB,2000,0 days 00:01:50.936059000
0,∫Ò≈∏πŒB,2000,0 days 00:02:13.664265000
0,∫Ò≈∏πŒB,2000,0 days 00:05:34.283069000
0,∫Ò≈∏πŒB,50,0 days 00:00:12.328030000
0,∫Ò≈∏πŒB,20,0 days 00:00:11.758999000
0,∫Ò≈∏πŒB,5000,0 days 00:02:52.628582000
0,∫Ò≈∏πŒB,5000,0 days 00:11:41.435444000
0,∫Ò≈∏πŒB,5000,0 days 00:13:49.404445000
0,∫Ò≈∏πŒB,5000,0 days 00:15:12.341733000
0,∫Ò≈∏πŒB,5000,0 days 00:15:37.079566000
0,∫Ò≈∏πŒB,5000,0 days 00:18:15.252500000
0,∫Ò≈∏πŒB,5000,0 days 00:02:37.038647000
0,∫Ò≈∏πŒB,5000,0 days 00:07:55.346767000
0,∫Ò≈∏πŒB,5000,0 days 00:12:29.490735000
0,∫Ò≈∏πŒB,5000,0 days 00:14:00.217817000
0,∫Ò≈∏πŒB,5000,0 days 00:02:05.245998000
0,∫Ò≈∏πŒB,5000,0 days 00:02:49.901507000
0,∫Ò≈∏πŒB,5000,0 days 00:01:22.015511000
0,∫Ò≈∏πŒB,5000,0 days 00:08:41.243532000
0,∫Ò≈∏πŒB,5000,0 days 00:45:47.196260000
0,∫Ò≈∏πŒB,5000,0 days 00:22:39.820105000
0,∫Ò≈∏πŒB,5000,0 days 00:42:44.990519000
0,∫Ò≈∏πŒB,5000,0 days 00:36:55.907777000
0,∫Ò≈∏πŒB,1000,0 days 00:00:01.674848000
0,∫Ò≈∏πŒB,5000,0 days 00:01:30.052186000
0,∫Ò≈∏πŒB,5000,0 days 00:06:50.757275000
0,∫Ò≈∏πŒB,5000,0 days 00:14:15.719546000
0,∫Ò≈∏πŒB,5000,0 days 00:06:44.516031000
0,∫Ò≈∏πŒB,5000,0 days 00:21:46.424575000
0,∫Ò≈∏πŒB,5000,0 days 00:08:03.540508000
0,∫Ò≈∏πŒB,5000,0 days 00:28:40.078580000
0,∫Ò≈∏πŒB,5000,0 days 00:03:49.527002000
0,∫Ò≈∏πŒB,5000,0 days 00:05:27.040505000
0,∫Ò≈∏πŒB,5000,0 days 00:12:16.055507000
0,∫Ò≈∏πŒB,5000,0 days 00:02:41.485509000
0,∫Ò≈∏πŒB,5000,0 days 00:07:36.676019000
0,∫Ò≈∏πŒB,5000,0 days 00:05:16.091523000
0,∫Ò≈∏πŒB,5000,0 days 00:02:05.342015000
0,∫Ò≈∏πŒB,5000,0 days 00:04:13.656465000
0,∫Ò≈∏πŒB,5000,0 days 00:15:44.555011000
0,∫Ò≈∏πŒB,5000,0 days 00:01:18.357985000
0,∫Ò≈∏πŒB,5000,0 days 00:00:58.504709000
0,∫Ò≈∏πŒB,5000,0 days 00:00:59.088999000
0,∫Ò≈∏πŒB,5000,0 days 00:01:03.363471000
0,∫Ò≈∏πŒB,5000,0 days 00:11:23.163917000
0,∫Ò≈∏πŒB,5000,0 days 00:07:46.208344000
0,∫Ò≈∏πŒB,5000,0 days 00:02:43.182914000
0,∫Ò≈∏πŒB,5000,0 days 00:12:23.015904000
0,∫Ò≈∏πŒB,5000,0 days 00:10:49.155002000
0,∫Ò≈∏πŒB,100,0 days 00:00:25.710225000
0,∫Ò≈∏πŒB,30,0 days 00:00:15.311997000
0,∫Ò≈∏πŒB,30,0 days 00:00:15.515000000
0,∫Ò≈∏πŒB,30,0 days 00:00:15.077000000
0,∫Ò≈∏πŒB,30,0 days 00:00:07.727476000
0,∫Ò≈∏πŒB,30,0 days 00:00:15.305975000
0,∫Ò≈∏πŒB,5000,0 days 00:01:40.689511000
0,∫Ò≈∏πŒB,5000,0 days 00:06:55.524210000
0,∫Ò≈∏πŒB,5000,0 days 00:14:48.935464000
0,∫Ò≈∏πŒB,5000,0 days 00:07:02.800594000
0,∫Ò≈∏πŒB,5000,0 days 00:22:37.450656000
0,∫Ò≈∏πŒB,5000,0 days 00:07:51.928999000
0,∫Ò≈∏πŒB,5000,0 days 00:28:51.548892000
0,∫Ò≈∏πŒB,5000,0 days 00:03:36.457999000
0,∫Ò≈∏πŒB,5000,0 days 00:12:28.677058000
0,∫Ò≈∏πŒB,5000,0 days 00:02:38.848507000
0,∫Ò≈∏πŒB,5000,0 days 00:05:34.594015000
0,∫Ò≈∏πŒB,5000,0 days 00:05:16.528997000
0,∫Ò≈∏πŒB,5000,0 days 00:07:45.723527000
0,∫Ò≈∏πŒB,5000,0 days 00:15:54.512550000
0,∫Ò≈∏πŒB,5000,0 days 00:02:06.917004000
0,∫Ò≈∏πŒB,5000,0 days 00:04:26.490015000
0,∫Ò≈∏πŒB,5000,0 days 00:11:29.520546000
0,∫Ò≈∏πŒB,5000,0 days 00:01:20.341000000
0,∫Ò≈∏πŒB,5000,0 days 00:01:01.973153000
0,∫Ò≈∏πŒB,5000,0 days 00:07:59.931169000
0,∫Ò≈∏πŒB,5000,0 days 00:01:11.235515000
0,∫Ò≈∏πŒB,5000,0 days 00:03:10.181665000
0,∫Ò≈∏πŒB,5000,0 days 00:01:11.731507000
0,∫Ò≈∏πŒB,30,0 days 00:00:14.536001000
0,∫Ò≈∏πŒB,30,0 days 00:00:14.172991000
0,∫Ò≈∏πŒB,30,0 days 00:00:13.997998000
0,∫Ò≈∏πŒB,5000,0 days 00:01:45.094303000
0,∫Ò≈∏πŒB,30,0 days 00:00:16.116998000
0,∫Ò≈∏πŒB,30,0 days 00:00:15.485001000
0,∫Ò≈∏πŒB,5000,0 days 00:07:15.010531000
0,∫Ò≈∏πŒB,30,0 days 00:00:15.244000000
0,∫Ò≈∏πŒB,30,0 days 00:00:18.018000000
0,∫Ò≈∏πŒB,30,0 days 00:00:16.190999000
0,∫Ò≈∏πŒB,30,0 days 00:00:15.446999000
0,∫Ò≈∏πŒB,30,0 days 00:00:15.509999000
0,∫Ò≈∏πŒB,30,0 days 00:00:15.597998000
0,∫Ò≈∏πŒB,30,0 days 00:00:15.387001000
0,∫Ò≈∏πŒB,5000,0 days 00:16:16.120181000
0,∫Ò≈∏πŒB,30,0 days 00:00:15.829984000
0,∫Ò≈∏πŒB,5000,0 days 00:01:44.450600000
0,∫Ò≈∏πŒB,5000,0 days 00:06:36.560532000
0,∫Ò≈∏πŒB,5000,0 days 00:14:33.053546000
0,∫Ò≈∏πŒB,5000,0 days 00:06:42.678567000
0,∫Ò≈∏πŒB,5000,0 days 00:21:30.083111000
0,∫Ò≈∏πŒB,5000,0 days 00:07:54.468713000
0,∫Ò≈∏πŒB,5000,0 days 00:28:03.697806000
0,∫Ò≈∏πŒB,5000,0 days 00:03:38.754525000
0,∫Ò≈∏πŒB,5000,0 days 00:12:24.433034000
0,∫Ò≈∏πŒB,5000,0 days 00:02:39.059002000
0,∫Ò≈∏πŒB,5000,0 days 00:05:28.230014000
0,∫Ò≈∏πŒB,5000,0 days 00:05:25.096550000
0,∫Ò≈∏πŒB,5000,0 days 00:07:52.695532000
0,∫Ò≈∏πŒB,5000,0 days 00:16:17.096565000
0,∫Ò≈∏πŒB,5000,0 days 00:02:06.841021000
0,∫Ò≈∏πŒB,5000,0 days 00:04:23.457513000
0,∫Ò≈∏πŒB,5000,0 days 00:01:14.115510000
0,∫Ò≈∏πŒB,5000,0 days 00:11:32.739046000
0,∫Ò≈∏πŒB,5000,0 days 00:07:46.516528000
0,∫Ò≈∏πŒB,5000,0 days 00:01:03.790002000
0,∫Ò≈∏πŒB,5000,0 days 00:01:07.638999000
0,∫Ò≈∏πŒB,5000,0 days 00:03:02.561998000
0,∫Ò≈∏πŒB,5000,0 days 00:12:46.702684000
0,∫Ò≈∏πŒB,5000,0 days 00:11:12.758688000
0,∫Ò≈∏πŒB,5000,0 days 00:25:06.361139000
0,∫Ò≈∏πŒB,5000,0 days 00:01:15.365997000
0,∫Ò≈∏πŒB,5000,0 days 00:33:00.251163000
0,∫Ò≈∏πŒB,5000,0 days 00:01:55.097027000
0,∫Ò≈∏πŒB,5000,0 days 00:08:46.440046000
0,∫Ò≈∏πŒB,5000,0 days 00:07:36.679509000
0,∫Ò≈∏πŒB,5000,0 days 00:09:06.772511000
0,∫Ò≈∏πŒB,5000,0 days 00:05:49.376034000
0,∫Ò≈∏πŒB,5000,0 days 00:06:12.297554000
0,∫Ò≈∏πŒB,5000,0 days 00:03:54.680000000
0,∫Ò≈∏πŒB,5000,0 days 00:02:52.146000000
0,∫Ò≈∏πŒB,5000,0 days 00:02:41.209667000
0,∫Ò≈∏πŒB,5000,0 days 00:01:29.554998000
0,»≤±≥æ»,1000,0 days 00:16:26.585350000
0,∫Ò≈∏πŒB,5000,0 days 00:05:37.661547000
0,∫Ò≈∏πŒB,5000,0 days 00:06:13.357016000
0,∫Ò≈∏πŒB,5000,0 days 00:03:41.672992000
0,»≤±≥æ»,1000,0 days 00:15:19.246544000
0,¿Ã≥´ø¨,1000,0 days 00:13:27.188547000
0,∫Ò≈∏πŒB,5000,0 days 00:06:51.380003000
0,¿Ã≥´ø¨,1000,0 days 00:13:47.246234000
0,∫Ò≈∏πŒB,5000,0 days 00:04:09.489622000
0,∫Ò≈∏πŒB,5000,0 days 00:02:48.908059000
0,∫Ò≈∏πŒB,5000,0 days 00:01:46.183615000
0,¿Ã≥´ø¨,1000,0 days 00:12:54.338314000
0,∫Ò≈∏πŒB,5000,0 days 00:19:51.244102000
0,∫Ò≈∏πŒB,5000,0 days 00:05:34.780068000
0,∫Ò≈∏πŒB,5000,0 days 00:00:34.168001000
0,∫Ò≈∏πŒB,5000,0 days 00:18:59.272218000
0,∫Ò≈∏πŒB,5000,0 days 00:08:58.927307000
0,∫Ò≈∏πŒB,5000,0 days 00:08:11.296345000
0,∫Ò≈∏πŒB,5000,0 days 00:02:36.337109000
0,∫Ò≈∏πŒB,5000,0 days 00:19:55.907860000
0,∫Ò≈∏πŒB,5000,0 days 00:05:13.193756000
0,∫Ò≈∏πŒB,5000,0 days 00:08:24.560960000
0,∫Ò≈∏πŒB,5000,0 days 00:19:43.999052000
0,∫Ò≈∏πŒB,5000,0 days 00:06:29.912539000
0,∫Ò≈∏πŒB,5000,0 days 00:01:22.409539000
0,∫Ò≈∏πŒB,5000,0 days 00:00:44.204002000
0,∫Ò≈∏πŒB,5000,0 days 00:01:03.043527000
0,∫Ò≈∏πŒB,5000,0 days 00:00:57.722549000
0,∫Ò≈∏πŒB,5000,0 days 00:10:14.704995000
0,∫Ò≈∏πŒB,5000,0 days 00:01:18.656551000
0,∫Ò≈∏πŒB,5000,0 days 00:01:04.739136000
0,∫Ò≈∏πŒB,5000,0 days 00:01:00.384509000
0,∫Ò≈∏πŒB,5000,0 days 00:01:26.465019000
0,∫Ò≈∏πŒB,5000,0 days 00:05:58.823284000
0,∫Ò≈∏πŒB,5000,0 days 00:00:31.453994000
0,∫Ò≈∏πŒB,5000,0 days 00:00:41.083516000
0,∫Ò≈∏πŒB,5000,0 days 00:00:25.236328000
0,∫Ò≈∏πŒB,5000,0 days 00:02:01.769166000
0,∫Ò≈∏πŒB,5000,0 days 00:06:02.790050000
0,∫Ò≈∏πŒB,5000,0 days 00:21:02.556753000
0,∫Ò≈∏πŒB,5000,0 days 00:08:11.203188000
0,∫Ò≈∏πŒB,5000,0 days 00:06:16.803025000
0,∫Ò≈∏πŒB,5000,0 days 00:07:45.539782000
0,∫Ò≈∏πŒB,5000,0 days 00:01:21.487640000
0,∫Ò≈∏πŒB,5000,0 days 00:00:57.832347000
0,∫Ò≈∏πŒB,5000,0 days 00:02:22.455918000
0,∫Ò≈∏πŒB,5000,0 days 00:01:06.442346000
0,∫Ò≈∏πŒB,5000,0 days 00:08:26.371373000
0,∫Ò≈∏πŒB,5000,0 days 00:15:34.513101000
0,∫Ò≈∏πŒC,5000,0 days 00:06:15.458535000
0,∫Ò≈∏πŒC,5000,0 days 00:06:03.881163000
0,∫Ò≈∏πŒC,5000,0 days 00:05:33.612686000
0,∫Ò≈∏πŒC,5000,0 days 00:17:03.157682000
0,∫Ò≈∏πŒC,5000,0 days 00:20:43.014359000
0,∫Ò≈∏πŒC,5000,0 days 00:03:32.185173000
0,∫Ò≈∏πŒC,5000,0 days 00:01:48.285526000
0,∫Ò≈∏πŒC,5000,0 days 00:03:09.873582000
0,∫Ò≈∏πŒC,5000,0 days 00:01:20.552582000
0,∫Ò≈∏πŒC,5000,0 days 00:08:29.847383000
0,∫Ò≈∏πŒC,5000,0 days 00:33:51.041354000
0,∫Ò≈∏πŒC,5000,0 days 00:08:26.639362000
0,∫Ò≈∏πŒC,5000,0 days 00:04:51.919027000
0,∫Ò≈∏πŒC,5000,0 days 00:05:22.870104000
0,∫Ò≈∏πŒC,5000,0 days 00:01:49.650058000
0,∫Ò≈∏πŒC,5000,0 days 00:05:54.581611000
0,∫Ò≈∏πŒC,5000,0 days 00:03:58.246194000
0,∫Ò≈∏πŒC,5000,0 days 00:03:01.687617000
0,∫Ò≈∏πŒC,5000,0 days 00:05:46.816811000
0,∫Ò≈∏πŒC,5000,0 days 00:07:27.614215000
0,∫Ò≈∏πŒC,5000,0 days 00:04:24.044047000
0,∫Ò≈∏πŒC,5000,0 days 00:46:29.278958000
0,∫Ò≈∏πŒC,5000,0 days 00:49:20.975649000
0,∫Ò≈∏πŒC,5000,0 days 00:05:49.317448000
0,∫Ò≈∏πŒC,5000,0 days 00:02:45.198622000
0,∫Ò≈∏πŒC,5000,0 days 00:04:57.978946000
0,∫Ò≈∏πŒC,5000,0 days 00:39:54.087138000
0,∫Ò≈∏πŒC,5000,0 days 00:01:54.871031000
0,∫Ò≈∏πŒC,5000,0 days 00:05:09.299054000
0,∫Ò≈∏πŒC,5000,0 days 00:03:26.177390000
0,∫Ò≈∏πŒC,5000,0 days 00:07:12.709258000
0,∫Ò≈∏πŒC,5000,0 days 00:01:34.271164000
0,∫Ò≈∏πŒC,5000,0 days 00:01:23.902319000
0,∫Ò≈∏πŒC,5000,0 days 00:07:13.363689000
0,∫Ò≈∏πŒC,5000,0 days 00:05:16.391270000
0,∫Ò≈∏πŒC,5000,0 days 00:12:47.361746000
0,∫Ò≈∏πŒC,5000,0 days 00:05:48.575096000
0,∫Ò≈∏πŒC,5000,0 days 00:02:49.997590000
0,∫Ò≈∏πŒC,5000,0 days 00:04:27.241240000
0,∫Ò≈∏πŒC,5000,0 days 00:02:22.629054000
0,∫Ò≈∏πŒC,5000,0 days 00:01:21.873547000
0,∫Ò≈∏πŒC,5000,0 days 00:05:25.839377000
0,∫Ò≈∏πŒC,5000,0 days 00:04:52.292864000
0,∫Ò≈∏πŒC,5000,0 days 00:06:50.258992000
0,∫Ò≈∏πŒC,5000,0 days 00:00:53.146557000
0,∫Ò≈∏πŒC,5000,0 days 00:02:42.809785000
0,∫Ò≈∏πŒC,5000,0 days 00:02:56.229380000
0,∫Ò≈∏πŒC,5000,0 days 00:06:58.205230000
0,∫Ò≈∏πŒC,5000,0 days 00:01:18.542597000
0,∫Ò≈∏πŒC,5000,0 days 00:02:18.200689000
0,∫Ò≈∏πŒC,5000,0 days 00:02:15.832139000
0,∫Ò≈∏πŒC,5000,0 days 00:06:21.011161000
0,∫Ò≈∏πŒC,5000,0 days 00:00:48.565685000
0,∫Ò≈∏πŒC,5000,0 days 00:03:49.378701000
0,∫Ò≈∏πŒC,5000,0 days 00:02:42.121177000
0,∫Ò≈∏πŒC,5000,0 days 00:02:13.382280000
0,∫Ò≈∏πŒC,5000,0 days 00:01:46.340025000
0,∫Ò≈∏πŒC,5000,0 days 00:01:33.945578000
0,∫Ò≈∏πŒC,5000,0 days 00:06:11.749467000
0,∫Ò≈∏πŒC,5000,0 days 00:01:40.468073000
0,∫Ò≈∏πŒC,5000,0 days 00:04:45.499496000
0,∫Ò≈∏πŒC,5000,0 days 00:01:07.267109000
0,∫Ò≈∏πŒC,5000,0 days 00:04:05.343506000
0,∫Ò≈∏πŒC,5000,0 days 00:06:31.435605000
0,∫Ò≈∏πŒC,5000,0 days 00:01:10.318023000
0,∫Ò≈∏πŒC,5000,0 days 00:03:48.722831000
0,∫Ò≈∏πŒC,5000,0 days 00:01:19.578608000
0,∫Ò≈∏πŒC,5000,0 days 00:07:23.352043000
0,∫Ò≈∏πŒC,5000,0 days 00:00:42.651548000
0,∫Ò≈∏πŒC,5000,0 days 00:03:02.617867000
0,∫Ò≈∏πŒC,5000,0 days 00:02:12.339072000
0,∫Ò≈∏πŒC,5000,0 days 00:13:30.607265000
0,∫Ò≈∏πŒC,5000,0 days 00:02:00.730708000
0,∫Ò≈∏πŒC,5000,0 days 00:09:04.577842000
0,∫Ò≈∏πŒC,5000,0 days 00:04:00.089489000
0,∫Ò≈∏πŒC,5000,0 days 00:02:54.115153000
0,∫Ò≈∏πŒC,5000,0 days 00:02:14.708012000
0,∫Ò≈∏πŒC,5000,0 days 00:20:25.298391000
0,∫Ò≈∏πŒC,5000,0 days 00:02:07.636536000
0,∫Ò≈∏πŒC,5000,0 days 00:03:01.439138000
0,∫Ò≈∏πŒC,5000,0 days 00:03:13.105135000
0,∫Ò≈∏πŒC,5000,0 days 00:13:47.701652000
0,∫Ò≈∏πŒC,5000,0 days 00:01:21.046281000
0,∫Ò≈∏πŒC,5000,0 days 00:05:54.057274000
0,∫Ò≈∏πŒC,5000,0 days 00:06:58.900965000
0,∫Ò≈∏πŒC,5000,0 days 00:00:47.185358000
0,∫Ò≈∏πŒC,5000,0 days 00:07:19.452363000
0,∫Ò≈∏πŒC,5000,0 days 00:02:20.802583000
0,∫Ò≈∏πŒC,5000,0 days 00:06:52.708462000
0,∫Ò≈∏πŒC,5000,0 days 00:01:16.173466000
0,∫Ò≈∏πŒC,5000,0 days 00:00:42.886054000
0,∫Ò≈∏πŒC,5000,0 days 00:05:33.918795000
0,∫Ò≈∏πŒC,5000,0 days 00:07:29.341543000
0,∫Ò≈∏πŒC,5000,0 days 00:03:48.779658000
0,∫Ò≈∏πŒC,5000,0 days 00:02:26.983013000
0,∫Ò≈∏πŒC,5000,0 days 00:05:23.194341000
0,∏≈¿œ ∫–¿Ø,1000,0 days 00:39:53.852636000
0,∏≈¿œ ∫–¿Ø,1000,0 days 00:42:35.094970000
0,∏≈¿œ ∫–¿Ø,1000,0 days 00:41:29.051506000
0,∏≈¿œ ∫–¿Ø,1000,0 days 00:47:16.423617000
0,∏≈¿œ ∫–¿Ø,1000,0 days 00:56:59.947346000
0,≥≤æÁ ∫–¿Ø,1000,0 days 00:29:46.947015000
0,≥≤æÁ ∫–¿Ø,1000,0 days 00:31:21.185540000
0,≥≤æÁ ∫–¿Ø,1000,0 days 00:40:29.189670000
0,≥≤æÁ ∫–¿Ø,1000,0 days 00:46:45.131859000
0,≥≤æÁ ∫–¿Ø,1000,0 days 00:33:39.288842000
0,¿œµø ∫–¿Ø,1000,0 days 00:31:40.547207000
0,¿œµø ∫–¿Ø,1000,0 days 00:36:34.761432000
0,¿œµø ∫–¿Ø,1000,0 days 00:34:36.270493000
0,¿œµø ∫–¿Ø,1000,0 days 00:40:31.669268000
0,∆ƒΩ∫≈∏£ ∫–¿Ø,1000,0 days 00:30:11.661494000
0,∆ƒΩ∫≈∏£ ∫–¿Ø,1000,0 days 00:28:44.043685000
0,∆ƒΩ∫≈∏£ ∫–¿Ø,1000,0 days 00:29:25.221202000
0,∆ƒΩ∫≈∏£ ∫–¿Ø,1000,0 days 00:27:04.248663000
0,∆ƒΩ∫≈∏£ ∫–¿Ø,1000,0 days 00:33:23.039135000
0,LGª˝∞« ∫–¿Ø,1000,0 days 00:00:13.629026000
0,LGª˝∞« ∫–¿Ø,1000,0 days 00:00:58.300281000
0,LGª˝∞« ∫–¿Ø,1000,0 days 00:00:31.707968000
0,LGª˝∞« ∫–¿Ø,1000,0 days 00:00:19.613335000
0,LGª˝∞« ∫–¿Ø,1000,0 days 00:00:45.516269000
0,æ–≈∏π– ∫–¿Ø,1000,0 days 00:28:55.088613000
0,æ–≈∏π– ∫–¿Ø,1000,0 days 00:29:25.677948000
0,æ–≈∏π– ∫–¿Ø,1000,0 days 00:29:17.818808000
0,æ–≈∏π– ∫–¿Ø,1000,0 days 00:33:47.812034000
0,æ–≈∏π– ∫–¿Ø,1000,0 days 00:29:25.844036000
0,≥Îπﬂ∂Ù ∫–¿Ø,1000,0 days 00:26:10.169444000
0,≥Îπﬂ∂Ù ∫–¿Ø,1000,0 days 00:27:33.710301000
0,≥Îπﬂ∂Ù ∫–¿Ø,1000,0 days 00:28:48.945484000
0,≥Îπﬂ∂Ù ∫–¿Ø,1000,0 days 00:30:30.085654000
0,≥Îπﬂ∂Ù ∫–¿Ø,1000,0 days 00:32:14.319728000
0,æ∆¿ÃπË≥¡ ∫–¿Ø,1000,0 days 00:15:25.038673000
0,æ∆¿ÃπË≥¡ ∫–¿Ø,1000,0 days 00:26:50.330291000
0,æ∆¿ÃπË≥¡ ∫–¿Ø,1000,0 days 00:33:15.794388000
0,æ∆¿ÃπË≥¡ ∫–¿Ø,1000,0 days 00:47:47.104121000
0,∫–¿Ø,1000,0 days 00:09:51.569099000
0,∫–¿Ø,1000,0 days 00:25:25.673204000
0,æ∆¿ÃπË≥¡ ∫–¿Ø,1000,0 days 00:33:53.219493000
0,∫–¿Ø,1000,0 days 00:39:15.291221000
0,«ªæÓ∂Ù ∫–¿Ø,1000,0 days 00:20:21.156626000
0,«ªæÓ∂Ù ∫–¿Ø,1000,0 days 00:54:00.046705000
0,«ªæÓ∂Ù ∫–¿Ø,1000,0 days 01:04:45.124254000
0,∆–º«ºÓ«Œ∏Ù,10,0 days 00:00:20.298084000
0,∆–º«ºÓ«Œ∏Ù,10,0 days 00:00:20.592445000
0,∆–º«ºÓ«Œ∏Ù,10,0 days 00:00:20.364013000
0,∆–º«ºÓ«Œ∏Ù,2000,0 days 00:52:11.048965000
0,∆–º«ºÓ«Œ∏Ù,2000,0 days 00:02:47.031049000
0,∆–º«ºÓ«Œ∏Ù,2000,0 days 00:16:08.376434000
0,∆–º«ºÓ«Œ∏Ù,2000,0 days 00:05:15.829634000
0,∆–º«ºÓ«Œ∏Ù,2000,0 days 00:10:32.377957000
0,∆–º«ºÓ«Œ∏Ù,2000,0 days 00:06:11.990496000
0,∆–º«ºÓ«Œ∏Ù,2000,0 days 00:07:46.265256000
0,∆–º«ºÓ«Œ∏Ù,2000,0 days 00:09:56.982668000
0,∆–º«ºÓ«Œ∏Ù,2000,0 days 00:06:15.270473000
0,∆–º«ºÓ«Œ∏Ù,2000,0 days 00:02:02.755664000
0,∆–º«ºÓ«Œ∏Ù,2000,0 days 00:01:24.826287000
0,∆–º«ºÓ«Œ∏Ù,2000,0 days 00:01:41.028401000
0,∆–º«ºÓ«Œ∏Ù,2000,0 days 00:42:26.213697000
0,∆–º«ºÓ«Œ∏Ù,2000,0 days 00:01:49.950398000
0,∆–º«ºÓ«Œ∏Ù,2000,0 days 00:04:20.578984000
0,∆–º«ºÓ«Œ∏Ù,2000,0 days 00:01:41.344276000
0,∆–º«ºÓ«Œ∏Ù,2000,0 days 00:09:54.771048000
0,∆–º«ºÓ«Œ∏Ù,2000,0 days 00:05:17.110154000
0,∆–º«ºÓ«Œ∏Ù,2000,0 days 00:04:21.414917000
0,∆–º«ºÓ«Œ∏Ù,2000,0 days 00:03:38.646617000
0,∆–º«ºÓ«Œ∏Ù,2000,0 days 00:55:01.493482000
0,∆–º«ºÓ«Œ∏Ù,2000,0 days 00:50:15.601236000
0,∆–º«ºÓ«Œ∏Ù,2000,0 days 00:15:08.714165000
0,∆–º«ºÓ«Œ∏Ù,2000,0 days 00:03:00.069959000
0,∆–º«ºÓ«Œ∏Ù,2000,0 days 00:07:52.073976000
0,∆–º«ºÓ«Œ∏Ù,2000,0 days 00:12:26.624657000
0,∆–º«ºÓ«Œ∏Ù,2000,0 days 00:06:35.462560000
0,∆–º«ºÓ«Œ∏Ù,2000,0 days 00:05:49.526423000
0,∆–º«ºÓ«Œ∏Ù,2000,0 days 00:05:49.484525000
0,∆–º«ºÓ«Œ∏Ù,2000,0 days 00:13:15.495984000
0,∆–º«ºÓ«Œ∏Ù,2000,0 days 00:00:21.204532000
0,∆–º«ºÓ«Œ∏Ù,2000,0 days 00:01:43.341730000
0,∆–º«ºÓ«Œ∏Ù,2000,0 days 00:15:04.687989000
0,∆–º«ºÓ«Œ∏Ù,2000,0 days 00:15:13.816620000
0,∆–º«ºÓ«Œ∏Ù,2000,0 days 00:05:17.182897000
0,∆–º«ºÓ«Œ∏Ù,2000,0 days 00:15:43.583398000
0,∆–º«ºÓ«Œ∏Ù,2000,0 days 00:02:45.934372000
0,∆–º«ºÓ«Œ∏Ù,2000,0 days 00:07:50.273084000
0,∆–º«ºÓ«Œ∏Ù,2000,0 days 00:04:36.634417000
0,∆–º«ºÓ«Œ∏Ù,2000,0 days 00:05:03.729047000
0,∆–º«ºÓ«Œ∏Ù,2000,0 days 00:03:03.333377000
0,∆–º«ºÓ«Œ∏Ù,2000,0 days 00:02:00.683700000
0,∆–º«ºÓ«Œ∏Ù,2000,0 days 00:01:34.027653000
0,∆–º«ºÓ«Œ∏Ù,2000,0 days 00:01:26.037008000
0,∆–º«ºÓ«Œ∏Ù,2000,0 days 00:35:04.554712000
0,∆–º«ºÓ«Œ∏Ù,2000,0 days 00:36:10.677895000
0,∆–º«ºÓ«Œ∏Ù,2000,0 days 00:09:29.083647000
0,∆–º«ºÓ«Œ∏Ù,2000,0 days 00:01:32.160776000
0,∆–º«ºÓ«Œ∏Ù,2000,0 days 00:02:56.089274000
0,∆–º«ºÓ«Œ∏Ù,2000,0 days 00:03:34.864518000
0,∆–º«ºÓ«Œ∏Ù,2000,0 days 00:02:03.254573000
0,∆–º«ºÓ«Œ∏Ù,2000,0 days 00:02:45.740102000
0,∆–º«ºÓ«Œ∏Ù,2000,0 days 00:02:01.397694000
0,∆–º«ºÓ«Œ∏Ù,2000,0 days 00:03:33.716642000
0,∆–º«ºÓ«Œ∏Ù,2000,0 days 00:15:00.467444000
0,∆–º«ºÓ«Œ∏Ù,2000,0 days 00:01:36.927920000
0,∆–º«ºÓ«Œ∏Ù,2000,0 days 00:04:35.551869000
0,∆–º«ºÓ«Œ∏Ù,2000,0 days 00:05:59.858074000
0,∆–º«ºÓ«Œ∏Ù,2000,0 days 00:08:17.425781000
0,∆–º«ºÓ«Œ∏Ù,2000,0 days 00:03:48.376339000
0,∆–º«ºÓ«Œ∏Ù,2000,0 days 00:05:07.653744000
0,¥Ÿ¿ÃæÓ∆Æ Ω∫≥º,2000,0 days 00:15:10.082136000
0,¥Ÿ¿ÃæÓ∆Æ Ω∫≥º,2000,0 days 00:29:10.484726000
0,¥Ÿ¿ÃæÓ∆Æ Ω∫≥º,2000,0 days 00:00:48.913368000
0,¥Ÿ¿ÃæÓ∆Æ Ω∫≥º,2000,0 days 00:03:29.110343000
0,¥Ÿ¿ÃæÓ∆Æ Ω∫≥º,2000,0 days 00:04:33.775518000
0,¥Ÿ¿ÃæÓ∆Æ Ω∫≥º,2000,0 days 00:17:24.804325000
0,¥Ÿ¿ÃæÓ∆Æ Ω∫≥º,2000,0 days 00:02:11.936529000
0,¥Ÿ¿ÃæÓ∆Æ Ω∫≥º,2000,0 days 00:11:14.366490000
0,¥Ÿ¿ÃæÓ∆Æ Ω∫≥º,2000,0 days 00:13:08.149133000
0,¥Ÿ¿ÃæÓ∆Æ Ω∫≥º,2000,0 days 00:08:50.321767000
0,¥Ÿ¿ÃæÓ∆Æ Ω∫≥º,2000,0 days 00:00:31.213115000
0,¥Ÿ¿ÃæÓ∆Æ Ω∫≥º,2000,0 days 00:05:50.975184000
0,¥Ÿ¿ÃæÓ∆Æ Ω∫≥º,2000,0 days 00:14:02.378503000
0,¥Ÿ¿ÃæÓ∆Æ Ω∫≥º,2000,0 days 00:21:39.356061000
0,¥Ÿ¿ÃæÓ∆Æ Ω∫≥º,2000,0 days 00:13:37.794357000
0,¥Ÿ¿ÃæÓ∆Æ Ω∫≥º,2000,0 days 00:05:16.120579000
0,¥Ÿ¿ÃæÓ∆Æ Ω∫≥º,2000,0 days 00:41:44.569496000
0,¥Ÿ¿ÃæÓ∆Æ Ω∫≥º,2000,0 days 00:02:01.192001000
0,¥Ÿ¿ÃæÓ∆Æ Ω∫≥º,2000,0 days 00:06:32.146506000
0,¥Ÿ¿ÃæÓ∆Æ Ω∫≥º,2000,0 days 00:16:01.127510000
0,¥Ÿ¿ÃæÓ∆Æ Ω∫≥º,2000,0 days 00:21:28.394157000
0,¥Ÿ¿ÃæÓ∆Æ Ω∫≥º,2000,0 days 00:00:37.582002000
0,¥Ÿ¿ÃæÓ∆Æ Ω∫≥º,2000,0 days 00:03:14.554220000
0,¥Ÿ¿ÃæÓ∆Æ Ω∫≥º,2000,0 days 00:05:15.032146000
0,¥Ÿ¿ÃæÓ∆Æ Ω∫≥º,2000,0 days 00:07:31.212063000
0,¥Ÿ¿ÃæÓ∆Æ Ω∫≥º,2000,0 days 00:02:43.879991000
0,¥Ÿ¿ÃæÓ∆Æ Ω∫≥º,2000,0 days 00:07:19.273761000
0,¥Ÿ¿ÃæÓ∆Æ Ω∫≥º,2000,0 days 00:05:20.981640000
0,¥Ÿ¿ÃæÓ∆Æ Ω∫≥º,2000,0 days 00:02:45.662033000
0,¥Ÿ¿ÃæÓ∆Æ Ω∫≥º,2000,0 days 00:01:16.148752000
0,¥Ÿ¿ÃæÓ∆Æ Ω∫≥º,2000,0 days 00:09:06.835792000
0,¥Ÿ¿ÃæÓ∆Æ Ω∫≥º,2000,0 days 00:05:20.752046000
0,¥Ÿ¿ÃæÓ∆Æ Ω∫≥º,2000,0 days 00:23:22.391328000
0,¥Ÿ¿ÃæÓ∆Æ Ω∫≥º,2000,0 days 00:07:08.281140000
0,¥Ÿ¿ÃæÓ∆Æ Ω∫≥º,2000,0 days 00:08:34.817069000
0,¥Ÿ¿ÃæÓ∆Æ Ω∫≥º,2000,0 days 00:19:53.511058000
0,¥Ÿ¿ÃæÓ∆Æ Ω∫≥º,2000,0 days 00:03:53.135001000
0,¥Ÿ¿ÃæÓ∆Æ Ω∫≥º,2000,0 days 00:07:04.529035000
0,¥Ÿ¿ÃæÓ∆Æ Ω∫≥º,2000,0 days 00:17:03.493124000
0,¥Ÿ¿ÃæÓ∆Æ Ω∫≥º,2000,0 days 00:00:57.702002000
0,¥Ÿ¿ÃæÓ∆Æ Ω∫≥º,2000,0 days 00:04:41.660219000
0,¥Ÿ¿ÃæÓ∆Æ Ω∫≥º,2000,0 days 00:06:23.883794000
0,¥Ÿ¿ÃæÓ∆Æ Ω∫≥º,2000,0 days 00:09:15.895642000
0,¥Ÿ¿ÃæÓ∆Æ Ω∫≥º,2000,0 days 00:06:12.164051000
0,¥Ÿ¿ÃæÓ∆Æ Ω∫≥º,2000,0 days 00:07:16.148515000
0,¥Ÿ¿ÃæÓ∆Æ Ω∫≥º,2000,0 days 00:06:59.848983000
0,¥Ÿ¿ÃæÓ∆Æ Ω∫≥º,2000,0 days 00:02:58.754054000
0,¥Ÿ¿ÃæÓ∆Æ Ω∫≥º,2000,0 days 00:03:56.400507000
0,¥Ÿ¿ÃæÓ∆Æ Ω∫≥º,2000,0 days 00:15:10.701106000
0,¥Ÿ¿ÃæÓ∆Æ Ω∫≥º,2000,0 days 00:03:10.187595000
0,¥Ÿ¿ÃæÓ∆Æ Ω∫≥º,2000,0 days 00:22:02.214330000
0,¥Ÿ¿ÃæÓ∆Æ Ω∫≥º,2000,0 days 00:10:28.475050000
0,¥Ÿ¿ÃæÓ∆Æ Ω∫≥º,2000,0 days 00:22:03.577269000
0,¥Ÿ¿ÃæÓ∆Æ Ω∫≥º,2000,0 days 00:11:59.898187000
0,¥Ÿ¿ÃæÓ∆Æ Ω∫≥º,2000,0 days 00:02:45.019032000
0,∏ﬁ¿Ã≈©æ˜ ∆»∑π∆Æ,2000,0 days 00:36:30.213784000
0,∏ﬁ¿Ã≈©æ˜ ∆»∑π∆Æ,2000,0 days 00:05:24.111699000
0,∏ﬁ¿Ã≈©æ˜ ∆»∑π∆Æ,2000,0 days 00:56:45.278824000
0,∏ﬁ¿Ã≈©æ˜ ∆»∑π∆Æ,2000,0 days 00:08:47.605495000
0,∏ﬁ¿Ã≈©æ˜ ∆»∑π∆Æ,2000,0 days 00:02:49.395078000
0,∏ﬁ¿Ã≈©æ˜ ∆»∑π∆Æ,2000,0 days 00:37:53.382446000
0,∏ﬁ¿Ã≈©æ˜ ∆»∑π∆Æ,2000,0 days 00:00:47.423723000
0,∏ﬁ¿Ã≈©æ˜ ∆»∑π∆Æ,2000,0 days 00:01:50.140094000
0,∏ﬁ¿Ã≈©æ˜ ∆»∑π∆Æ,2000,0 days 00:07:30.868619000
0,∏ﬁ¿Ã≈©æ˜ ∆»∑π∆Æ,2000,0 days 00:02:30.448169000
0,∏ﬁ¿Ã≈©æ˜ ∆»∑π∆Æ,2000,0 days 00:08:34.558947000
0,∏ﬁ¿Ã≈©æ˜ ∆»∑π∆Æ,2000,0 days 00:04:36.359159000
0,∏ﬁ¿Ã≈©æ˜ ∆»∑π∆Æ,2000,0 days 00:10:24.092857000
0,∏ﬁ¿Ã≈©æ˜ ∆»∑π∆Æ,2000,0 days 00:00:48.578308000
0,∏ﬁ¿Ã≈©æ˜ ∆»∑π∆Æ,2000,0 days 00:00:41.098118000
0,∏ﬁ¿Ã≈©æ˜ ∆»∑π∆Æ,2000,0 days 00:10:06.636698000
0,∏ﬁ¿Ã≈©æ˜ ∆»∑π∆Æ,2000,0 days 00:12:27.871237000
0,∏ﬁ¿Ã≈©æ˜ ∆»∑π∆Æ,2000,0 days 00:03:27.778068000
0,∏ﬁ¿Ã≈©æ˜ ∆»∑π∆Æ,2000,0 days 01:31:01.038697000
0,∏ﬁ¿Ã≈©æ˜ ∆»∑π∆Æ,2000,0 days 00:14:45.154442000
0,∏ﬁ¿Ã≈©æ˜ ∆»∑π∆Æ,2000,0 days 00:16:22.553266000
0,∏ﬁ¿Ã≈©æ˜ ∆»∑π∆Æ,2000,0 days 00:02:17.944512000
0,∏ﬁ¿Ã≈©æ˜ ∆»∑π∆Æ,2000,0 days 01:08:27.883607000
0,∏ﬁ¿Ã≈©æ˜ ∆»∑π∆Æ,2000,0 days 00:01:52.520416000
0,∏ﬁ¿Ã≈©æ˜ ∆»∑π∆Æ,2000,0 days 00:00:46.475018000
0,∏ﬁ¿Ã≈©æ˜ ∆»∑π∆Æ,2000,0 days 00:17:02.352327000
0,∏ﬁ¿Ã≈©æ˜ ∆»∑π∆Æ,2000,0 days 00:01:39.962837000
0,∏ﬁ¿Ã≈©æ˜ ∆»∑π∆Æ,2000,0 days 00:17:59.509483000
0,∏ﬁ¿Ã≈©æ˜ ∆»∑π∆Æ,2000,0 days 00:10:29.379739000
0,∏ﬁ¿Ã≈©æ˜ ∆»∑π∆Æ,2000,0 days 00:08:52.324154000
0,∏ﬁ¿Ã≈©æ˜ ∆»∑π∆Æ,2000,0 days 00:00:33.587585000
0,∏ﬁ¿Ã≈©æ˜ ∆»∑π∆Æ,2000,0 days 00:00:59.304563000
0,∏ﬁ¿Ã≈©æ˜ ∆»∑π∆Æ,2000,0 days 00:14:07.143089000
0,∏ﬁ¿Ã≈©æ˜ ∆»∑π∆Æ,2000,0 days 00:04:06.340838000
0,∏ﬁ¿Ã≈©æ˜ ∆»∑π∆Æ,2000,0 days 01:17:58.091652000
0,∏ﬁ¿Ã≈©æ˜ ∆»∑π∆Æ,2000,0 days 00:12:32.707619000
0,∏ﬁ¿Ã≈©æ˜ ∆»∑π∆Æ,2000,0 days 00:19:49.037639000
0,∏ﬁ¿Ã≈©æ˜ ∆»∑π∆Æ,2000,0 days 00:01:49.178252000
0,∏ﬁ¿Ã≈©æ˜ ∆»∑π∆Æ,2000,0 days 00:02:25.890860000
0,∏ﬁ¿Ã≈©æ˜ ∆»∑π∆Æ,2000,0 days 00:01:32.893764000
0,∏ﬁ¿Ã≈©æ˜ ∆»∑π∆Æ,2000,0 days 00:03:28.490137000
0,∏ﬁ¿Ã≈©æ˜ ∆»∑π∆Æ,2000,0 days 00:19:23.968706000
0,∏ﬁ¿Ã≈©æ˜ ∆»∑π∆Æ,2000,0 days 00:21:20.616590000
0,∏ﬁ¿Ã≈©æ˜ ∆»∑π∆Æ,2000,0 days 00:07:15.099875000
0,∏ﬁ¿Ã≈©æ˜ ∆»∑π∆Æ,2000,0 days 00:01:06.116205000
0,∏∂Ω∫≈©∆—,2000,0 days 00:04:00.309059000
0,∏∂Ω∫≈©∆—,2000,0 days 00:05:57.596344000
0,∏∂Ω∫≈©∆—,2000,0 days 00:03:54.962126000
0,∏∂Ω∫≈©∆—,2000,0 days 00:06:02.253382000
0,∏∂Ω∫≈©∆—,2000,0 days 00:12:21.626595000
0,∏∂Ω∫≈©∆—,2000,0 days 00:11:35.364880000
0,∏∂Ω∫≈©∆—,2000,0 days 00:00:23.294788000
0,∏∂Ω∫≈©∆—,2000,0 days 00:00:26.496161000
0,∏∂Ω∫≈©∆—,2000,0 days 00:01:06.731679000
0,∏∂Ω∫≈©∆—,2000,0 days 00:09:24.283726000
0,∏∂Ω∫≈©∆—,2000,0 days 00:00:23.132152000
0,∏∂Ω∫≈©∆—,2000,0 days 00:03:32.782138000
0,∏∂Ω∫≈©∆—,2000,0 days 00:13:56.441227000
0,∏∂Ω∫≈©∆—,2000,0 days 00:00:15.309091000
0,∏∂Ω∫≈©∆—,2000,0 days 00:00:39.377742000
0,∏∂Ω∫≈©∆—,2000,0 days 00:00:43.474793000
0,∏∂Ω∫≈©∆—,2000,0 days 00:00:24.655114000
0,∏∂Ω∫≈©∆—,2000,0 days 00:06:19.874424000
0,∏∂Ω∫≈©∆—,2000,0 days 00:04:35.713766000
0,∏∂Ω∫≈©∆—,2000,0 days 00:07:08.889759000
0,∏∂Ω∫≈©∆—,2000,0 days 00:08:28.467567000
0,∏∂Ω∫≈©∆—,2000,0 days 00:08:56.299615000
0,∏∂Ω∫≈©∆—,2000,0 days 00:38:10.961843000
0,∏∂Ω∫≈©∆—,2000,0 days 00:00:34.876095000
0,∏∂Ω∫≈©∆—,2000,0 days 00:03:46.097039000
0,∏∂Ω∫≈©∆—,2000,0 days 00:01:15.024145000
0,∏∂Ω∫≈©∆—,2000,0 days 00:01:13.094412000
0,∏∂Ω∫≈©∆—,2000,0 days 00:09:22.965611000
0,∏∂Ω∫≈©∆—,2000,0 days 00:15:54.401874000
0,∆–º«ºÓ«Œ∏Ù,2000,0 days 00:02:15.812369000
0,∆–º«ºÓ«Œ∏Ù,2000,0 days 00:02:09.928580000
0,∆–º«ºÓ«Œ∏Ù,2000,0 days 00:02:01.773384000
